{
  "counterexamples": {
    "postselection": "Success-only transfer has arbitrarily small conditional risk and O(p_s) unconditional disturbance; use the flagged channel.",
    "redundant_transfer": "With n retained and k transferred copies, universal n->n+k cloning gives error 1-d[n]/d[n+k]; n=J^2,k=J makes both record risk and recovery error vanish."
  },
  "endpoints": {
    "identity_source_channel": {
      "generic_u4_cloner_infidelity": 2.7761494368924695e-25,
      "marvian_spekkens_control_floor": 0.0,
      "minimum_seed_eigenvalue": -9.144248751294117e-10,
      "optimal_orbit_fidelity": 0.9999999859388786,
      "optimal_orbit_recovery_infidelity": 1.4061121378361463e-08,
      "risk": 0.7499999999999355,
      "status": "optimal",
      "trace_preserving_max_error": 1.1646239528318142e-13
    },
    "minimum_record_risk": {
      "generic_u4_cloner_infidelity": 0.75,
      "marvian_spekkens_control_floor": 0.0,
      "minimum_seed_eigenvalue": 3.591164064821073e-09,
      "optimal_orbit_fidelity": 0.24999999998984057,
      "optimal_orbit_recovery_infidelity": 0.7500000000101594,
      "risk": 0.5379433122114472,
      "status": "optimal",
      "trace_preserving_max_error": 1.7763569287781366e-15
    },
    "single_marker_full_frame_risk": 0.6666666666666666
  },
  "frontier": [
    {
      "generic_u4_cloner_infidelity": 0.706872602561175,
      "marvian_spekkens_control_floor": 0.0,
      "minimum_seed_eigenvalue": -1.2181195426496865e-09,
      "optimal_orbit_fidelity": 0.5110015894424756,
      "optimal_orbit_recovery_infidelity": 0.48899841055752435,
      "requested_risk_ceiling": 0.54,
      "risk": 0.5400000001461119,
      "risk_ceiling_violation": 1.461119003565159e-10,
      "status": "optimal",
      "trace_preserving_max_error": 7.196043760870907e-11
    },
    {
      "generic_u4_cloner_infidelity": 0.566847694194148,
      "marvian_spekkens_control_floor": 0.0,
      "minimum_seed_eigenvalue": -3.417250149173567e-09,
      "optimal_orbit_fidelity": 0.6597773151288068,
      "optimal_orbit_recovery_infidelity": 0.3402226848711932,
      "requested_risk_ceiling": 0.56,
      "risk": 0.560000000876438,
      "risk_ceiling_violation": 8.764379222370167e-10,
      "status": "optimal",
      "trace_preserving_max_error": 8.715250743862794e-14
    },
    {
      "generic_u4_cloner_infidelity": 0.3851461878621327,
      "marvian_spekkens_control_floor": 0.0,
      "minimum_seed_eigenvalue": 8.62861844552628e-10,
      "optimal_orbit_fidelity": 0.8049393469233693,
      "optimal_orbit_recovery_infidelity": 0.19506065307663067,
      "requested_risk_ceiling": 0.6,
      "risk": 0.6000000006019814,
      "risk_ceiling_violation": 6.019814646762711e-10,
      "status": "optimal",
      "trace_preserving_max_error": 4.5075054806030794e-14
    },
    {
      "generic_u4_cloner_infidelity": 0.20957815998926183,
      "marvian_spekkens_control_floor": 0.0,
      "minimum_seed_eigenvalue": 5.582769389262855e-09,
      "optimal_orbit_fidelity": 0.9140256759934549,
      "optimal_orbit_recovery_infidelity": 0.08597432400654514,
      "requested_risk_ceiling": 0.65,
      "risk": 0.6499999999781505,
      "risk_ceiling_violation": 0.0,
      "status": "optimal_inaccurate",
      "trace_preserving_max_error": 7.771562591269315e-16
    },
    {
      "generic_u4_cloner_infidelity": 0.07392119764283575,
      "marvian_spekkens_control_floor": 0.0,
      "minimum_seed_eigenvalue": -3.1998462600235277e-09,
      "optimal_orbit_fidelity": 0.977442956559208,
      "optimal_orbit_recovery_infidelity": 0.022557043440792013,
      "requested_risk_ceiling": 0.7,
      "risk": 0.7000000009429796,
      "risk_ceiling_violation": 9.429796943294377e-10,
      "status": "optimal",
      "trace_preserving_max_error": 1.4235574524909305e-15
    },
    {
      "generic_u4_cloner_infidelity": 0.005120865695253326,
      "marvian_spekkens_control_floor": 0.0,
      "minimum_seed_eigenvalue": -1.724850269660129e-09,
      "optimal_orbit_fidelity": 0.9990252931613792,
      "optimal_orbit_recovery_infidelity": 0.0009747068386207758,
      "requested_risk_ceiling": 0.74,
      "risk": 0.7399999973089588,
      "risk_ceiling_violation": 0.0,
      "status": "optimal",
      "trace_preserving_max_error": 1.7347167097364762e-14
    }
  ],
  "model": {
    "group": "SO(3)",
    "koashi_imoto_nondisturbing_information_nats": 0.0,
    "loss": "sin^2(theta_error/2)",
    "minimum_source_orbit_fidelity": 0.0,
    "orbit_stabilizer": "trivial",
    "representation": "j=0 direct_sum j=1",
    "source": "ordered noncollinear spin-1/2 pair |z+>_O |x+>_D",
    "source_dimension": 4
  },
  "novelty_audit": {
    "difference_here": "noncollinear ordered pair, full SO(3) frame loss, and complete OD wording",
    "directly_adjacent_result": "Sacchi, arXiv:2606.18040",
    "directly_adjacent_scope": "optimal full-state information-disturbance frontier for antiparallel spin pairs in the same j=0 direct_sum j=1 carrier",
    "generic_framework": "Sacchi, arXiv:quant-ph/0702033",
    "verdict": "KNOWN-FRAMEWORK SPECIALIZATION: useful control calculation, not a residual Paper U theorem"
  },
  "optimization": {
    "cvxpy_version": "1.9.1",
    "disturbance": "one minus complete-OD pure-orbit recovery fidelity",
    "haar_quadrature": "ZYZ Fourier x Gauss-Legendre, order 3",
    "not_controlled": "diamond recovery, finite record dimension, local action, work, support, duration, KMS exposure, and gravity",
    "numpy_version": "2.4.6",
    "seed_dimension": 16,
    "solver": "CLARABEL",
    "type": "covariant-instrument Choi SDP"
  },
  "quadrature_diagnostics": {
    "fiducial_twirl_max_error": 2.775591297747327e-16,
    "haar_cost_average_error": 1.1102230246251565e-15,
    "order_3_vs_4_fidelity_operator_max_error": 2.6367797734047635e-16,
    "order_3_vs_4_risk_operator_max_error": 1.1102421406335886e-16,
    "order_3_vs_4_twirl_max_error": 1.1934905258939213e-15,
    "order_4_weight_sum_error": 5.662137425588298e-15,
    "weight_sum_error": 2.6645352591003757e-15
  },
  "schema": "information-exposure-small-spin-sdp-v1"
}
